{"cameraMode":{"drawMode":0,"name":"Shaded","section":"Shading Mode"},"sceneLighting":false,"audioPlay":false,"sceneViewState":{"showFog":true,"showMaterialUpdate":false,"showSkybox":false,"showFlares":true,"showImageEffects":true,"showParticleSystems":true},"in2DMode":false,"pivot":{"x":-29.718505859375,"y":153.546875,"z":142.84375},"rotation":{"x":0.03294045478105545,"y":0.057541463524103168,"z":-0.0019064433872699738,"w":0.9978542327880859},"size":0.00007785558409523219,"orthographic":true}