{"cameraMode":{"drawMode":0,"name":"Shaded","section":"Shading Mode"},"sceneLighting":false,"audioPlay":false,"sceneViewState":{"showFog":true,"showMaterialUpdate":false,"showSkybox":false,"showFlares":true,"showImageEffects":true,"showParticleSystems":true},"in2DMode":false,"pivot":{"x":-1.1920928955078126e-7,"y":-3.799999952316284,"z":9.720000267028809},"rotation":{"x":0.03294045478105545,"y":0.057541463524103168,"z":-0.0019064433872699738,"w":0.9978542327880859},"size":8.021668434143067,"orthographic":true}