{"cameraMode":{"drawMode":0,"name":"Shaded","section":"Shading Mode"},"sceneLighting":true,"audioPlay":false,"sceneViewState":{"showFog":true,"showMaterialUpdate":false,"showSkybox":true,"showFlares":true,"showImageEffects":true,"showParticleSystems":true},"in2DMode":false,"pivot":{"x":358.0999755859375,"y":174.60000610351563,"z":555.2999267578125},"rotation":{"x":0.2152571827173233,"y":-0.23264746367931367,"z":0.052878353744745257,"w":0.9470301270484924},"size":31.30986785888672,"orthographic":true}