{"cameraMode":{"drawMode":0,"name":"Shaded","section":"Shading Mode"},"sceneLighting":false,"audioPlay":false,"sceneViewState":{"showFog":true,"showMaterialUpdate":false,"showSkybox":false,"showFlares":true,"showImageEffects":true,"showParticleSystems":true},"in2DMode":false,"pivot":{"x":-29.80331039428711,"y":152.9131317138672,"z":142.14175415039063},"rotation":{"x":0.24565783143043519,"y":0.3391321897506714,"z":-0.09224624931812287,"w":0.9034638404846191},"size":44.40963363647461,"orthographic":true}