{"cameraMode":{"drawMode":0,"name":"Shaded","section":"Shading Mode"},"sceneLighting":false,"audioPlay":false,"sceneViewState":{"showFog":true,"showMaterialUpdate":false,"showSkybox":false,"showFlares":true,"showImageEffects":true,"showParticleSystems":true},"in2DMode":false,"pivot":{"x":-8.84538459777832,"y":-0.5326604843139648,"z":5.983572006225586},"rotation":{"x":0.002595996018499136,"y":0.9905608296394348,"z":-0.13605822622776032,"w":0.01902308128774166},"size":28.649723052978517,"orthographic":true}